tcn_blocks,tcn_dilations,pooling_type,gru_layers,gru_units,aug_status,early_stop_epoch,val_loss,test_loss,timestamp
1,[1],none,1,64,False,69,65.3588,50.0496,2025-09-25 12:41:48
1,[1],none,1,64,True,None,45.5651,40.3276,2025-09-25 12:45:01
1,[1],none,1,128,False,91,41.3384,34.7764,2025-09-25 12:45:15
1,[1],none,1,128,True,64,129.9195,110.5476,2025-09-25 12:46:55
1,[1],none,1,256,False,None,29.7132,33.7305,2025-09-25 12:47:18
1,[1],none,1,256,True,None,37.3853,32.0966,2025-09-25 12:50:40
1,[1],none,2,64,False,None,52.7336,46.5860,2025-09-25 12:50:59
1,[1],none,2,64,True,22,337.6748,343.0197,2025-09-25 12:51:34
1,[1],none,2,128,False,17,512.4615,509.4866,2025-09-25 12:51:37
1,[1],none,2,128,True,66,138.0606,132.1994,2025-09-25 12:53:22
1,[1],none,2,256,False,20,512.6289,505.3103,2025-09-25 12:53:26
1,[1],none,2,256,True,28,339.0198,346.6999,2025-09-25 12:54:11
1,[1],none,3,64,False,21,514.2766,510.3643,2025-09-25 12:54:14
1,[1],none,3,64,True,21,335.4196,345.6100,2025-09-25 12:54:47
1,[1],none,3,128,False,18,514.3070,511.5171,2025-09-25 12:54:50
1,[1],none,3,128,True,46,335.9116,347.5583,2025-09-25 12:56:04
1,[1],none,3,256,False,20,514.4319,509.2373,2025-09-25 12:56:09
1,[1],none,3,256,True,26,337.9013,342.7683,2025-09-25 12:56:51
1,[1],average,1,64,False,108,56.7582,40.5249,2025-09-25 12:57:09
1,[1],average,1,64,True,95,56.7251,52.5468,2025-09-25 12:59:43
1,[1],average,1,128,False,89,60.9843,46.1429,2025-09-25 12:59:57
1,[1],average,1,128,True,109,52.3261,47.3723,2025-09-25 13:02:53
1,[1],average,1,256,False,19,512.7765,508.1499,2025-09-25 13:02:56
1,[1],average,1,256,True,None,39.3503,31.3964,2025-09-25 13:06:09
1,[1],average,2,64,False,20,514.3057,505.5789,2025-09-25 13:06:13
1,[1],average,2,64,True,67,145.7486,161.9682,2025-09-25 13:08:03
1,[1],average,2,128,False,17,514.4029,507.9168,2025-09-25 13:08:05
1,[1],average,2,128,True,43,336.4493,348.3615,2025-09-25 13:09:15
1,[1],average,2,256,False,18,513.3438,507.8876,2025-09-25 13:09:18
1,[1],average,2,256,True,26,336.1945,338.7171,2025-09-25 13:10:10
1,[1],average,3,64,False,29,514.3216,505.6679,2025-09-25 13:10:16
1,[1],average,3,64,True,34,337.3411,336.5078,2025-09-25 13:11:30
1,[1],average,3,128,False,24,512.3553,508.4838,2025-09-25 13:11:35
1,[1],average,3,128,True,25,335.5494,342.4124,2025-09-25 13:12:29
1,[1],average,3,256,False,23,513.1224,505.9162,2025-09-25 13:12:35
1,[1],average,3,256,True,20,340.0030,342.1620,2025-09-25 13:13:22
1,[1],max,1,64,False,93,59.3852,45.0668,2025-09-25 13:13:43
1,[1],max,1,64,True,49,143.2009,128.9941,2025-09-25 13:15:41
1,[1],max,1,128,False,113,48.5660,42.4401,2025-09-25 13:16:07
1,[1],max,1,128,True,18,339.8562,344.0695,2025-09-25 13:16:49
1,[1],max,1,256,False,None,42.2107,36.7594,2025-09-25 13:17:17
1,[1],max,1,256,True,None,41.1846,33.1587,2025-09-25 13:21:54
1,[1],max,2,64,False,20,512.3766,505.2452,2025-09-25 13:21:59
1,[1],max,2,64,True,28,333.7330,347.1346,2025-09-25 13:23:04
1,[1],max,2,128,False,30,513.6455,511.4644,2025-09-25 13:23:11
1,[1],max,2,128,True,19,340.9606,349.4591,2025-09-25 13:23:55
1,[1],max,2,256,False,25,513.1384,509.6477,2025-09-25 13:24:02
1,[1],max,2,256,True,25,337.6222,341.5779,2025-09-25 13:25:01
1,[1],max,3,64,False,21,513.9387,509.2730,2025-09-25 13:25:06
1,[1],max,3,64,True,30,335.7728,334.1455,2025-09-25 13:26:19
1,[1],max,3,128,False,21,513.4739,512.2009,2025-09-25 13:26:24
1,[1],max,3,128,True,20,338.9110,344.0381,2025-09-25 13:27:12
1,[1],max,3,256,False,116,70.7091,59.0761,2025-09-25 13:27:43
1,[1],max,3,256,True,16,340.6972,341.2854,2025-09-25 13:28:20
1,[2],none,1,64,False,105,39.1317,41.9422,2025-09-25 13:28:44
1,[2],none,1,64,True,None,32.3459,26.6066,2025-09-25 13:33:14
1,[2],none,1,128,False,None,31.8400,33.1540,2025-09-25 13:33:39
1,[2],none,1,128,True,95,41.2770,28.8028,2025-09-25 13:37:14
1,[2],none,1,256,False,109,33.8343,36.1552,2025-09-25 13:37:42
1,[2],none,1,256,True,20,339.9763,343.8666,2025-09-25 13:38:28
1,[2],none,2,64,False,None,55.6391,49.1014,2025-09-25 13:38:53
1,[2],none,2,64,True,67,135.4636,133.0025,2025-09-25 13:41:24
1,[2],none,2,128,False,19,514.2310,509.2692,2025-09-25 13:41:28
1,[2],none,2,128,True,18,334.2817,343.8454,2025-09-25 13:42:10
1,[2],none,2,256,False,18,513.6432,508.5323,2025-09-25 13:42:15
1,[2],none,2,256,True,19,336.5575,343.7085,2025-09-25 13:43:02
1,[2],none,3,64,False,21,512.2127,507.1369,2025-09-25 13:43:07
1,[2],none,3,64,True,33,336.0810,348.0508,2025-09-25 13:44:07
1,[2],none,3,128,False,25,511.6646,506.6144,2025-09-25 13:44:11
1,[2],none,3,128,True,25,338.0856,357.0860,2025-09-25 13:44:51
1,[2],none,3,256,False,20,511.7609,509.9766,2025-09-25 13:44:57
1,[2],none,3,256,True,21,337.6406,336.8405,2025-09-25 13:45:31
1,[2],average,1,64,False,None,46.9993,40.5701,2025-09-25 13:45:51
1,[2],average,1,64,True,106,48.4895,40.6465,2025-09-25 13:48:47
1,[2],average,1,128,False,18,513.2118,508.8656,2025-09-25 13:48:50
1,[2],average,1,128,True,89,49.2888,47.4437,2025-09-25 13:51:12
1,[2],average,1,256,False,31,511.7343,506.6570,2025-09-25 13:51:18
1,[2],average,1,256,True,39,144.0250,145.9675,2025-09-25 13:52:20
1,[2],average,2,64,False,28,514.6109,512.5754,2025-09-25 13:52:25
1,[2],average,2,64,True,22,339.6083,342.2993,2025-09-25 13:53:00
1,[2],average,2,128,False,17,514.6896,507.4469,2025-09-25 13:53:03
1,[2],average,2,128,True,20,338.5906,341.2827,2025-09-25 13:53:36
1,[2],average,2,256,False,16,515.9863,508.1666,2025-09-25 13:53:39
1,[2],average,2,256,True,32,326.3990,355.9750,2025-09-25 13:54:30
1,[2],average,3,64,False,22,510.6848,508.8093,2025-09-25 13:54:33
1,[2],average,3,64,True,24,339.5388,344.1369,2025-09-25 13:55:12
1,[2],average,3,128,False,26,513.3932,506.5374,2025-09-25 13:55:17
1,[2],average,3,128,True,18,340.4527,348.2838,2025-09-25 13:55:45
1,[2],average,3,256,False,27,512.8458,507.3470,2025-09-25 13:55:51
1,[2],average,3,256,True,31,336.3332,341.4855,2025-09-25 13:56:38
1,[2],max,1,64,False,83,56.7628,50.4360,2025-09-25 13:56:52
1,[2],max,1,64,True,96,65.8508,60.2944,2025-09-25 13:59:26
1,[2],max,1,128,False,None,45.1659,43.5790,2025-09-25 13:59:46
1,[2],max,1,128,True,45,143.7482,144.0188,2025-09-25 14:00:58
1,[2],max,1,256,False,109,44.8135,44.9653,2025-09-25 14:01:16
1,[2],max,1,256,True,107,44.7328,31.6390,2025-09-25 14:04:06
1,[2],max,2,64,False,22,510.6796,511.5241,2025-09-25 14:04:09
1,[2],max,2,64,True,22,340.7988,337.5742,2025-09-25 14:04:45
1,[2],max,2,128,False,18,511.8373,508.8516,2025-09-25 14:04:47
1,[2],max,2,128,True,18,342.1666,348.1353,2025-09-25 14:05:17
1,[2],max,2,256,False,28,511.1226,508.7378,2025-09-25 14:05:22
1,[2],max,2,256,True,20,339.0853,346.4425,2025-09-25 14:05:52
1,[2],max,3,64,False,21,511.3394,505.1781,2025-09-25 14:05:56
1,[2],max,3,64,True,28,338.9795,336.5495,2025-09-25 14:06:39
1,[2],max,3,128,False,24,514.1598,510.6970,2025-09-25 14:06:44
1,[2],max,3,128,True,24,340.0067,341.2393,2025-09-25 14:07:21
1,[2],max,3,256,False,35,510.9197,507.9321,2025-09-25 14:07:28
1,[2],max,3,256,True,17,338.1768,339.4496,2025-09-25 14:07:56
1,[4],none,1,64,False,112,42.8484,38.8921,2025-09-25 14:08:13
1,[4],none,1,64,True,97,39.0556,42.9617,2025-09-25 14:10:38
1,[4],none,1,128,False,110,35.2258,31.2990,2025-09-25 14:10:55
1,[4],none,1,128,True,None,29.9204,29.2170,2025-09-25 14:13:54
1,[4],none,1,256,False,None,44.2962,46.3056,2025-09-25 14:14:15
1,[4],none,1,256,True,None,32.2399,26.7608,2025-09-25 14:17:14
1,[4],none,2,64,False,None,75.8478,75.7407,2025-09-25 14:17:32
1,[4],none,2,64,True,22,337.0286,338.9168,2025-09-25 14:18:05
1,[4],none,2,128,False,None,132.2360,115.3783,2025-09-25 14:18:24
1,[4],none,2,128,True,None,104.2666,104.6946,2025-09-25 14:21:25
1,[4],none,2,256,False,33,512.9789,509.3484,2025-09-25 14:21:33
1,[4],none,2,256,True,30,335.4072,342.0250,2025-09-25 14:22:18
1,[4],none,3,64,False,22,513.8349,508.0502,2025-09-25 14:22:22
1,[4],none,3,64,True,36,337.8902,342.7762,2025-09-25 14:23:15
1,[4],none,3,128,False,22,514.1567,507.9876,2025-09-25 14:23:18
1,[4],none,3,128,True,31,340.8277,345.1426,2025-09-25 14:24:05
1,[4],none,3,256,False,21,511.9114,506.4288,2025-09-25 14:24:10
1,[4],none,3,256,True,21,337.8052,340.4830,2025-09-25 14:24:42
1,[4],average,1,64,False,117,49.7554,46.6714,2025-09-25 14:25:00
1,[4],average,1,64,True,None,44.1195,37.3778,2025-09-25 14:28:03
1,[4],average,1,128,False,113,43.0590,42.6607,2025-09-25 14:28:21
1,[4],average,1,128,True,49,141.9767,148.5914,2025-09-25 14:29:35
1,[4],average,1,256,False,None,41.5037,40.2254,2025-09-25 14:29:54
1,[4],average,1,256,True,21,341.9803,348.1591,2025-09-25 14:30:26
1,[4],average,2,64,False,32,513.6864,506.5778,2025-09-25 14:30:31
1,[4],average,2,64,True,None,63.0264,54.3062,2025-09-25 14:33:41
1,[4],average,2,128,False,33,512.1280,504.5455,2025-09-25 14:33:46
1,[4],average,2,128,True,34,337.2725,353.2866,2025-09-25 14:34:37
1,[4],average,2,256,False,43,512.3655,510.9431,2025-09-25 14:34:44
1,[4],average,2,256,True,18,336.6437,342.7721,2025-09-25 14:35:12
1,[4],average,3,64,False,21,514.5605,507.5990,2025-09-25 14:35:15
1,[4],average,3,64,True,23,337.9194,343.0994,2025-09-25 14:35:50
1,[4],average,3,128,False,19,513.2714,504.9464,2025-09-25 14:35:53
1,[4],average,3,128,True,20,339.8502,353.2012,2025-09-25 14:36:24
1,[4],average,3,256,False,19,513.5188,510.6572,2025-09-25 14:36:27
1,[4],average,3,256,True,23,338.1696,343.2879,2025-09-25 14:37:02
1,[4],max,1,64,False,119,49.2851,49.0666,2025-09-25 14:37:20
1,[4],max,1,64,True,57,140.5257,129.2319,2025-09-25 14:38:47
1,[4],max,1,128,False,110,40.3237,40.0928,2025-09-25 14:39:04
1,[4],max,1,128,True,114,42.4423,41.4328,2025-09-25 14:41:56
1,[4],max,1,256,False,78,46.9373,44.5476,2025-09-25 14:42:08
1,[4],max,1,256,True,None,41.5303,38.6652,2025-09-25 14:45:07
1,[4],max,2,64,False,25,513.7474,506.8979,2025-09-25 14:45:11
1,[4],max,2,64,True,23,338.9548,338.4674,2025-09-25 14:45:46
1,[4],max,2,128,False,23,515.8105,509.4745,2025-09-25 14:45:49
1,[4],max,2,128,True,27,338.8563,340.9661,2025-09-25 14:46:30
1,[4],max,2,256,False,20,513.4490,510.1223,2025-09-25 14:46:33
1,[4],max,2,256,True,19,340.7353,345.6506,2025-09-25 14:47:02
1,[4],max,3,64,False,30,514.3430,508.8720,2025-09-25 14:47:07
1,[4],max,3,64,True,23,342.1331,350.3045,2025-09-25 14:47:42
1,[4],max,3,128,False,18,512.9016,508.1229,2025-09-25 14:47:45
1,[4],max,3,128,True,31,336.3889,342.7205,2025-09-25 14:48:32
1,[4],max,3,256,False,36,513.9809,510.9105,2025-09-25 14:48:39
1,[4],max,3,256,True,23,337.0156,342.4414,2025-09-25 14:49:14
1,[8],none,1,64,False,87,48.7547,57.2398,2025-09-25 14:49:27
1,[8],none,1,64,True,None,36.3384,33.6069,2025-09-25 14:52:30
1,[8],none,1,128,False,96,40.9838,39.3783,2025-09-25 14:52:45
1,[8],none,1,128,True,None,35.3512,33.9369,2025-09-25 14:55:41
1,[8],none,1,256,False,90,46.0294,43.7136,2025-09-25 14:55:57
1,[8],none,1,256,True,110,34.4679,30.9166,2025-09-25 14:58:45
1,[8],none,2,64,False,117,57.8471,50.8492,2025-09-25 14:59:03
1,[8],none,2,64,True,59,156.0060,147.2634,2025-09-25 15:40:58
1,[8],none,2,128,False,18,512.2810,506.5973,2025-09-25 15:41:01
1,[8],none,2,128,True,26,338.1674,345.8390,2025-09-25 15:41:39
1,[8],none,2,256,False,23,513.2483,507.1279,2025-09-25 15:41:44
1,[8],none,2,256,True,18,337.4145,341.4450,2025-09-25 15:42:12
1,[8],none,3,64,False,28,514.4391,508.3253,2025-09-25 15:42:16
1,[8],none,3,64,True,21,336.8108,347.6773,2025-09-25 15:42:47
1,[8],none,3,128,False,30,512.1688,505.0657,2025-09-25 15:42:52
1,[8],none,3,128,True,27,338.4283,345.6235,2025-09-25 15:43:33
1,[8],none,3,256,False,24,513.6708,509.0026,2025-09-25 15:43:39
1,[8],none,3,256,True,17,339.8027,340.6800,2025-09-25 15:44:06
1,[8],average,1,64,False,None,51.8621,42.9674,2025-09-25 15:44:24
1,[8],average,1,64,True,108,44.4905,39.9262,2025-09-25 15:47:12
1,[8],average,1,128,False,86,53.1077,42.4318,2025-09-25 15:47:25
1,[8],average,1,128,True,117,38.4715,33.3565,2025-09-25 15:50:34
1,[8],average,1,256,False,None,46.0907,35.7301,2025-09-25 15:50:53
1,[8],average,1,256,True,96,46.8863,39.3015,2025-09-25 15:53:30
1,[8],average,2,64,False,22,513.8131,506.3394,2025-09-25 15:53:34
1,[8],average,2,64,True,24,335.6973,342.4961,2025-09-25 15:54:15
1,[8],average,2,128,False,22,513.3862,510.0678,2025-09-25 15:54:19
1,[8],average,2,128,True,28,337.5875,346.4329,2025-09-25 15:55:08
1,[8],average,2,256,False,23,513.1734,512.9172,2025-09-25 15:55:12
1,[8],average,2,256,True,21,340.9761,342.4058,2025-09-25 15:55:49
1,[8],average,3,64,False,36,513.7787,511.4297,2025-09-25 15:55:55
1,[8],average,3,64,True,29,339.9149,345.3959,2025-09-25 15:56:45
1,[8],average,3,128,False,21,514.0282,506.8772,2025-09-25 15:56:49
1,[8],average,3,128,True,18,343.0019,345.9435,2025-09-25 15:57:20
1,[8],average,3,256,False,28,512.8836,507.7229,2025-09-25 15:57:25
1,[8],average,3,256,True,37,337.9058,341.3489,2025-09-25 15:58:29
1,[8],max,1,64,False,72,74.7631,65.9912,2025-09-25 15:58:43
1,[8],max,1,64,True,110,50.2659,47.9585,2025-09-25 16:01:54
1,[8],max,1,128,False,83,53.2603,55.0869,2025-09-25 16:02:09
1,[8],max,1,128,True,None,35.5734,33.2418,2025-09-25 16:05:42
1,[8],max,1,256,False,93,45.4083,38.2176,2025-09-25 16:06:00
1,[8],max,1,256,True,105,38.9684,41.2696,2025-09-25 16:09:10
1,[8],max,2,64,False,21,512.6234,507.8676,2025-09-25 16:09:13
1,[8],max,2,64,True,24,339.4399,340.9635,2025-09-25 16:09:50
1,[8],max,2,128,False,21,513.4083,507.9578,2025-09-25 16:09:54
1,[8],max,2,128,True,18,340.8994,338.4088,2025-09-25 16:10:21
1,[8],max,2,256,False,23,514.0355,509.7550,2025-09-25 16:10:25
1,[8],max,2,256,True,18,338.2152,347.7227,2025-09-25 16:10:52
1,[8],max,3,64,False,22,514.3815,504.9735,2025-09-25 16:10:56
1,[8],max,3,64,True,25,336.0494,342.5974,2025-09-25 16:11:35
1,[8],max,3,128,False,24,513.7775,505.3669,2025-09-25 16:11:39
1,[8],max,3,128,True,37,338.4285,344.4689,2025-09-25 16:12:38
1,[8],max,3,256,False,17,516.6023,505.5969,2025-09-25 16:12:41
1,[8],max,3,256,True,21,338.7195,344.9599,2025-09-25 16:13:13
2,[1, 1],none,1,64,False,87,61.8126,48.2085,2025-09-25 16:13:28
2,[1, 1],none,1,64,True,116,46.2936,36.9008,2025-09-25 16:17:09
2,[1, 1],none,1,128,False,119,39.2616,41.9670,2025-09-25 16:17:30
2,[1, 1],none,1,128,True,106,33.0435,40.2793,2025-09-25 16:20:26
2,[1, 1],none,1,256,False,None,36.8349,34.6932,2025-09-25 16:20:51
2,[1, 1],none,1,256,True,103,34.0603,33.4605,2025-09-25 16:23:38
2,[1, 1],none,2,64,False,31,512.7469,509.3341,2025-09-25 16:23:43
2,[1, 1],none,2,64,True,None,82.4352,66.4828,2025-09-25 16:26:58
2,[1, 1],none,2,128,False,101,67.8101,60.0517,2025-09-25 16:27:17
2,[1, 1],none,2,128,True,None,56.4600,47.9683,2025-09-25 16:30:38
2,[1, 1],none,2,256,False,23,513.7376,507.4033,2025-09-25 16:30:43
2,[1, 1],none,2,256,True,16,338.1485,345.7185,2025-09-25 16:31:11
2,[1, 1],none,3,64,False,21,513.6651,506.7558,2025-09-25 16:31:15
2,[1, 1],none,3,64,True,25,340.8533,336.7279,2025-09-25 16:31:57
2,[1, 1],none,3,128,False,36,512.8623,510.5833,2025-09-25 16:32:04
2,[1, 1],none,3,128,True,30,336.1855,341.0140,2025-09-25 16:32:57
2,[1, 1],none,3,256,False,30,512.8231,511.5614,2025-09-25 16:33:06
2,[1, 1],none,3,256,True,26,337.7815,340.8015,2025-09-25 16:33:55
2,[1, 1],average,1,64,False,86,73.0882,98.5430,2025-09-25 16:34:12
2,[1, 1],average,1,64,True,61,143.9208,150.6188,2025-09-25 16:35:57
2,[1, 1],average,1,128,False,96,49.8582,45.1810,2025-09-25 16:36:14
2,[1, 1],average,1,128,True,53,141.7506,143.1215,2025-09-25 16:37:41
2,[1, 1],average,1,256,False,79,86.1378,71.2006,2025-09-25 16:37:57
2,[1, 1],average,1,256,True,53,141.2263,141.2324,2025-09-25 16:39:26
2,[1, 1],average,2,64,False,20,513.0450,508.1608,2025-09-25 16:39:30
2,[1, 1],average,2,64,True,20,338.3117,339.9863,2025-09-25 16:40:04
2,[1, 1],average,2,128,False,18,514.2264,509.2440,2025-09-25 16:40:08
2,[1, 1],average,2,128,True,21,338.8038,341.1770,2025-09-25 16:40:44
2,[1, 1],average,2,256,False,20,511.7221,507.0880,2025-09-25 16:40:48
2,[1, 1],average,2,256,True,26,337.2874,352.9168,2025-09-25 16:41:31
2,[1, 1],average,3,64,False,22,515.5045,507.3842,2025-09-25 16:41:35
2,[1, 1],average,3,64,True,26,333.2785,345.7952,2025-09-25 16:42:20
2,[1, 1],average,3,128,False,40,512.0548,509.2687,2025-09-25 16:42:28
2,[1, 1],average,3,128,True,19,340.6593,337.7685,2025-09-25 16:42:59
2,[1, 1],average,3,256,False,24,512.2639,508.3746,2025-09-25 16:43:05
2,[1, 1],average,3,256,True,22,334.5238,344.6006,2025-09-25 16:43:42
2,[1, 1],max,1,64,False,113,61.3903,61.7227,2025-09-25 16:44:03
2,[1, 1],max,1,64,True,45,155.5715,155.1376,2025-09-25 16:45:23
2,[1, 1],max,1,128,False,22,514.3751,506.2383,2025-09-25 16:45:27
2,[1, 1],max,1,128,True,None,51.5448,44.9217,2025-09-25 16:48:44
2,[1, 1],max,1,256,False,None,44.1371,38.0137,2025-09-25 16:49:07
2,[1, 1],max,1,256,True,96,45.4864,42.5669,2025-09-25 16:51:37
2,[1, 1],max,2,64,False,22,511.6504,509.0052,2025-09-25 16:51:41
2,[1, 1],max,2,64,True,27,336.2771,337.9320,2025-09-25 16:52:23
2,[1, 1],max,2,128,False,None,64.9120,84.9891,2025-09-25 16:52:45
2,[1, 1],max,2,128,True,71,146.2306,146.8059,2025-09-25 16:54:47
2,[1, 1],max,2,256,False,29,512.9212,506.4800,2025-09-25 16:54:54
2,[1, 1],max,2,256,True,19,335.1967,345.2763,2025-09-25 16:55:26
2,[1, 1],max,3,64,False,23,514.8961,508.3349,2025-09-25 16:55:31
2,[1, 1],max,3,64,True,25,334.0552,347.8031,2025-09-25 16:56:15
2,[1, 1],max,3,128,False,18,511.9526,506.6418,2025-09-25 16:56:19
2,[1, 1],max,3,128,True,28,337.6604,340.2169,2025-09-25 16:57:08
2,[1, 1],max,3,256,False,23,512.4091,508.2395,2025-09-25 16:57:13
2,[1, 1],max,3,256,True,28,331.2025,334.7016,2025-09-25 16:58:02
2,[2, 2],none,1,64,False,None,45.7041,37.4221,2025-09-25 16:58:25
2,[2, 2],none,1,64,True,115,43.9521,34.2300,2025-09-25 17:01:53
2,[2, 2],none,1,128,False,89,41.5102,43.5361,2025-09-25 17:02:11
2,[2, 2],none,1,128,True,None,38.3568,40.9643,2025-09-25 17:05:39
2,[2, 2],none,1,256,False,120,37.9179,33.1767,2025-09-25 17:06:07
2,[2, 2],none,1,256,True,118,33.1847,36.1672,2025-09-25 17:09:36
2,[2, 2],none,2,64,False,None,98.1502,83.7753,2025-09-25 17:10:00
2,[2, 2],none,2,64,True,119,57.8082,55.9404,2025-09-25 17:13:36
2,[2, 2],none,2,128,False,18,512.2782,505.8962,2025-09-25 17:13:40
2,[2, 2],none,2,128,True,44,152.9217,157.3968,2025-09-25 17:14:56
2,[2, 2],none,2,256,False,16,515.1774,507.7014,2025-09-25 17:15:00
2,[2, 2],none,2,256,True,21,328.9110,345.9101,2025-09-25 17:15:39
2,[2, 2],none,3,64,False,23,513.1193,510.4119,2025-09-25 17:15:44
2,[2, 2],none,3,64,True,22,339.8283,350.1448,2025-09-25 17:16:25
2,[2, 2],none,3,128,False,29,513.0157,505.0226,2025-09-25 17:16:31
2,[2, 2],none,3,128,True,19,340.6756,341.4458,2025-09-25 17:17:09
2,[2, 2],none,3,256,False,18,512.7746,510.8877,2025-09-25 17:17:15
2,[2, 2],none,3,256,True,19,337.5269,343.3340,2025-09-25 17:18:02
2,[2, 2],average,1,64,False,111,62.8563,60.5158,2025-09-25 17:18:30
2,[2, 2],average,1,64,True,112,45.0278,38.5904,2025-09-25 17:21:47
2,[2, 2],average,1,128,False,71,83.8598,83.0193,2025-09-25 17:21:59
2,[2, 2],average,1,128,True,None,51.3305,55.3131,2025-09-25 17:25:02
2,[2, 2],average,1,256,False,None,41.9801,35.4282,2025-09-25 17:25:24
2,[2, 2],average,1,256,True,None,32.3079,35.7076,2025-09-25 17:28:23
2,[2, 2],average,2,64,False,21,512.6805,511.1298,2025-09-25 17:28:27
2,[2, 2],average,2,64,True,38,337.3312,339.9355,2025-09-25 17:29:23
2,[2, 2],average,2,128,False,29,514.0441,507.5344,2025-09-25 17:29:28
2,[2, 2],average,2,128,True,20,335.0248,340.7723,2025-09-25 17:29:58
2,[2, 2],average,2,256,False,17,514.2984,510.4816,2025-09-25 17:30:01
2,[2, 2],average,2,256,True,26,337.6109,346.1894,2025-09-25 17:30:40
2,[2, 2],average,3,64,False,20,513.7780,510.4984,2025-09-25 17:30:43
2,[2, 2],average,3,64,True,25,339.5930,345.9027,2025-09-25 17:31:22
2,[2, 2],average,3,128,False,19,513.8205,504.6166,2025-09-25 17:31:25
2,[2, 2],average,3,128,True,25,338.2637,347.5987,2025-09-25 17:32:03
2,[2, 2],average,3,256,False,39,512.1872,510.3159,2025-09-25 17:32:11
2,[2, 2],average,3,256,True,21,339.7344,338.1935,2025-09-25 17:32:43
2,[2, 2],max,1,64,False,80,80.8243,63.4594,2025-09-25 17:32:57
2,[2, 2],max,1,64,True,93,132.0359,125.8810,2025-09-25 17:35:15
2,[2, 2],max,1,128,False,18,513.7025,508.8320,2025-09-25 17:35:18
2,[2, 2],max,1,128,True,120,51.6591,44.4630,2025-09-25 17:38:18
2,[2, 2],max,1,256,False,114,48.0566,51.3970,2025-09-25 17:38:38
2,[2, 2],max,1,256,True,43,145.1054,132.9268,2025-09-25 17:39:43
2,[2, 2],max,2,64,False,21,513.2421,506.2229,2025-09-25 17:39:47
2,[2, 2],max,2,64,True,29,341.9471,338.4226,2025-09-25 17:40:30
2,[2, 2],max,2,128,False,18,512.4300,505.2946,2025-09-25 17:40:34
2,[2, 2],max,2,128,True,29,338.0707,341.2794,2025-09-25 17:41:18
2,[2, 2],max,2,256,False,116,68.8658,58.6487,2025-09-25 17:41:40
2,[2, 2],max,2,256,True,26,337.3404,336.3988,2025-09-25 17:42:19
2,[2, 2],max,3,64,False,31,514.5576,509.0054,2025-09-25 17:42:25
2,[2, 2],max,3,64,True,25,334.8432,335.4182,2025-09-25 17:43:03
2,[2, 2],max,3,128,False,25,512.4182,509.3075,2025-09-25 17:43:07
2,[2, 2],max,3,128,True,20,342.3117,345.1010,2025-09-25 17:43:38
2,[2, 2],max,3,256,False,21,513.4171,509.5644,2025-09-25 17:43:42
2,[2, 2],max,3,256,True,26,338.5125,350.3219,2025-09-25 17:44:22
2,[4, 4],none,1,64,False,79,60.0295,58.4682,2025-09-25 17:44:35
2,[4, 4],none,1,64,True,None,39.9427,42.4143,2025-09-25 17:47:35
2,[4, 4],none,1,128,False,114,44.8522,49.0591,2025-09-25 17:47:54
2,[4, 4],none,1,128,True,115,35.6671,39.5255,2025-09-25 17:50:44
2,[4, 4],none,1,256,False,None,31.5669,32.9289,2025-09-25 17:51:08
2,[4, 4],none,1,256,True,94,36.9773,36.0873,2025-09-25 17:53:30
2,[4, 4],none,2,64,False,None,65.7982,54.6837,2025-09-25 17:53:50
2,[4, 4],none,2,64,True,None,59.9844,54.5956,2025-09-25 17:56:48
2,[4, 4],none,2,128,False,None,59.9039,51.4625,2025-09-25 17:57:09
2,[4, 4],none,2,128,True,19,339.3353,338.8069,2025-09-25 17:57:38
2,[4, 4],none,2,256,False,16,513.2914,506.4267,2025-09-25 17:57:41
2,[4, 4],none,2,256,True,67,135.5539,144.9596,2025-09-25 17:59:26
2,[4, 4],none,3,64,False,22,514.1259,504.4997,2025-09-25 17:59:30
2,[4, 4],none,3,64,True,22,343.3463,344.2989,2025-09-25 18:00:04
2,[4, 4],none,3,128,False,34,513.4572,509.3320,2025-09-25 18:00:10
2,[4, 4],none,3,128,True,24,330.4239,339.7839,2025-09-25 18:00:46
2,[4, 4],none,3,256,False,32,512.8670,508.3121,2025-09-25 18:00:54
2,[4, 4],none,3,256,True,28,340.4186,337.6292,2025-09-25 18:01:39
2,[4, 4],average,1,64,False,97,54.7001,53.0435,2025-09-25 18:01:55
2,[4, 4],average,1,64,True,None,48.3618,46.2794,2025-09-25 18:04:55
2,[4, 4],average,1,128,False,110,44.5899,49.5310,2025-09-25 18:05:13
2,[4, 4],average,1,128,True,None,47.8284,39.2658,2025-09-25 18:08:14
2,[4, 4],average,1,256,False,None,39.5052,38.5608,2025-09-25 18:08:35
2,[4, 4],average,1,256,True,None,36.0196,35.4386,2025-09-25 18:11:36
2,[4, 4],average,2,64,False,22,514.1402,509.7740,2025-09-25 18:11:40
2,[4, 4],average,2,64,True,23,335.4183,335.9736,2025-09-25 18:12:14
2,[4, 4],average,2,128,False,18,512.0038,508.9758,2025-09-25 18:12:17
2,[4, 4],average,2,128,True,19,342.5145,339.6962,2025-09-25 18:12:46
2,[4, 4],average,2,256,False,17,514.4118,511.1579,2025-09-25 18:12:49
2,[4, 4],average,2,256,True,25,337.9802,345.6566,2025-09-25 18:13:27
2,[4, 4],average,3,64,False,21,514.1896,506.1407,2025-09-25 18:13:30
2,[4, 4],average,3,64,True,22,334.4058,342.7450,2025-09-25 18:14:04
2,[4, 4],average,3,128,False,18,513.0863,506.1121,2025-09-25 18:14:07
2,[4, 4],average,3,128,True,29,338.1368,347.8047,2025-09-25 18:14:51
2,[4, 4],average,3,256,False,17,513.9638,508.6957,2025-09-25 18:14:54
2,[4, 4],average,3,256,True,17,335.9157,342.2211,2025-09-25 18:15:20
2,[4, 4],max,1,64,False,None,63.0843,57.2776,2025-09-25 18:15:41
2,[4, 4],max,1,64,True,None,49.2252,51.2624,2025-09-25 18:18:43
2,[4, 4],max,1,128,False,120,54.5259,53.8896,2025-09-25 18:19:03
2,[4, 4],max,1,128,True,None,48.6476,44.8627,2025-09-25 18:22:03
2,[4, 4],max,1,256,False,108,48.9319,43.0759,2025-09-25 18:22:23
2,[4, 4],max,1,256,True,120,48.7726,51.8650,2025-09-25 18:25:23
2,[4, 4],max,2,64,False,23,514.0192,507.0788,2025-09-25 18:25:27
2,[4, 4],max,2,64,True,29,333.2129,340.9065,2025-09-25 18:26:11
2,[4, 4],max,2,128,False,22,512.4561,508.6842,2025-09-25 18:26:15
2,[4, 4],max,2,128,True,68,142.5474,143.8824,2025-09-25 18:27:57
2,[4, 4],max,2,256,False,26,512.6344,510.0828,2025-09-25 18:28:02
2,[4, 4],max,2,256,True,26,332.7853,333.8408,2025-09-25 18:28:42
2,[4, 4],max,3,64,False,32,514.1187,508.7441,2025-09-25 18:28:47
2,[4, 4],max,3,64,True,26,339.5801,343.6194,2025-09-25 18:29:26
2,[4, 4],max,3,128,False,41,512.0152,510.4986,2025-09-25 18:29:33
2,[4, 4],max,3,128,True,32,336.7031,341.0464,2025-09-25 18:30:21
2,[4, 4],max,3,256,False,24,513.0043,505.0988,2025-09-25 18:30:26
2,[4, 4],max,3,256,True,19,339.4255,354.4284,2025-09-25 18:30:55
2,[8, 8],none,1,64,False,113,42.9883,38.3523,2025-09-25 18:31:14
2,[8, 8],none,1,64,True,53,135.6349,142.0291,2025-09-25 18:32:35
2,[8, 8],none,1,128,False,89,42.7895,35.7288,2025-09-25 18:32:50
2,[8, 8],none,1,128,True,None,39.1481,34.3862,2025-09-25 18:35:50
2,[8, 8],none,1,256,False,82,44.1058,34.9594,2025-09-25 18:36:07
2,[8, 8],none,1,256,True,111,29.2309,36.2355,2025-09-25 18:38:54
2,[8, 8],none,2,64,False,None,72.2949,61.4810,2025-09-25 18:39:15
2,[8, 8],none,2,64,True,None,61.0994,54.5284,2025-09-25 18:42:16
2,[8, 8],none,2,128,False,18,513.3879,507.0003,2025-09-25 18:42:19
2,[8, 8],none,2,128,True,22,342.0074,342.6399,2025-09-25 18:42:52
2,[8, 8],none,2,256,False,17,515.2377,508.1971,2025-09-25 18:42:56
2,[8, 8],none,2,256,True,23,338.5157,339.7415,2025-09-25 18:43:33
2,[8, 8],none,3,64,False,22,513.2818,506.7612,2025-09-25 18:43:37
2,[8, 8],none,3,64,True,26,340.1352,336.8385,2025-09-25 18:44:17
2,[8, 8],none,3,128,False,19,510.9341,511.5741,2025-09-25 18:44:20
2,[8, 8],none,3,128,True,36,338.5264,335.3172,2025-09-25 18:45:14
2,[8, 8],none,3,256,False,20,514.4907,508.6998,2025-09-25 18:45:20
2,[8, 8],none,3,256,True,18,339.4930,341.4526,2025-09-25 18:45:48
2,[8, 8],average,1,64,False,99,52.6548,46.7654,2025-09-25 18:46:05
2,[8, 8],average,1,64,True,107,58.2054,50.6258,2025-09-25 18:48:46
2,[8, 8],average,1,128,False,105,50.4788,45.0350,2025-09-25 18:49:04
2,[8, 8],average,1,128,True,48,142.1893,129.6859,2025-09-25 18:50:17
2,[8, 8],average,1,256,False,106,48.4472,43.2813,2025-09-25 18:50:37
2,[8, 8],average,1,256,True,119,43.1565,40.4590,2025-09-25 18:53:36
2,[8, 8],average,2,64,False,None,83.7617,62.3238,2025-09-25 18:53:57
2,[8, 8],average,2,64,True,32,335.5311,341.7080,2025-09-25 18:54:47
2,[8, 8],average,2,128,False,21,513.4880,503.9841,2025-09-25 18:54:51
2,[8, 8],average,2,128,True,19,334.2090,344.3844,2025-09-25 18:55:21
2,[8, 8],average,2,256,False,41,511.5051,514.1667,2025-09-25 18:55:29
2,[8, 8],average,2,256,True,23,336.6835,340.4654,2025-09-25 18:56:05
2,[8, 8],average,3,64,False,22,512.3044,504.7025,2025-09-25 18:56:09
2,[8, 8],average,3,64,True,39,334.7781,344.6163,2025-09-25 18:57:07
2,[8, 8],average,3,128,False,18,514.2454,510.2764,2025-09-25 18:57:11
2,[8, 8],average,3,128,True,27,335.8448,338.6799,2025-09-25 18:57:51
2,[8, 8],average,3,256,False,34,512.6677,511.2775,2025-09-25 18:57:58
2,[8, 8],average,3,256,True,24,335.1892,350.0581,2025-09-25 18:58:34
2,[8, 8],max,1,64,False,88,70.2746,61.8539,2025-09-25 18:58:49
2,[8, 8],max,1,64,True,53,143.4546,132.4446,2025-09-25 19:00:11
2,[8, 8],max,1,128,False,100,56.7641,46.7885,2025-09-25 19:00:28
2,[8, 8],max,1,128,True,105,53.9913,46.7231,2025-09-25 19:03:07
2,[8, 8],max,1,256,False,109,45.0574,45.5773,2025-09-25 19:03:27
2,[8, 8],max,1,256,True,119,42.2298,38.1317,2025-09-25 19:06:26
2,[8, 8],max,2,64,False,22,513.4190,508.4367,2025-09-25 19:06:30
2,[8, 8],max,2,64,True,29,332.7265,339.4035,2025-09-25 19:07:15
2,[8, 8],max,2,128,False,18,512.5342,507.4822,2025-09-25 19:07:18
2,[8, 8],max,2,128,True,21,339.4912,339.0588,2025-09-25 19:07:51
2,[8, 8],max,2,256,False,16,512.7110,507.7385,2025-09-25 19:07:54
2,[8, 8],max,2,256,True,41,340.1062,343.2097,2025-09-25 19:08:57
2,[8, 8],max,3,64,False,26,514.7683,508.1140,2025-09-25 19:09:01
2,[8, 8],max,3,64,True,36,340.0539,340.1891,2025-09-25 19:09:56
2,[8, 8],max,3,128,False,26,512.1163,508.6978,2025-09-25 19:10:00
2,[8, 8],max,3,128,True,18,338.4776,344.9686,2025-09-25 19:10:27
2,[8, 8],max,3,256,False,19,512.8903,511.5345,2025-09-25 19:10:31
2,[8, 8],max,3,256,True,22,337.7113,344.8323,2025-09-25 19:11:04
3,[1, 1, 1],none,1,64,False,88,65.0818,53.9534,2025-09-25 19:11:21
3,[1, 1, 1],none,1,64,True,None,47.1846,38.0038,2025-09-25 19:14:23
3,[1, 1, 1],none,1,128,False,None,35.4574,32.6826,2025-09-25 19:14:45
3,[1, 1, 1],none,1,128,True,44,142.5005,153.2855,2025-09-25 19:15:52
3,[1, 1, 1],none,1,256,False,None,38.1227,38.2350,2025-09-25 19:16:19
3,[1, 1, 1],none,1,256,True,54,139.9464,131.6937,2025-09-25 19:17:43
3,[1, 1, 1],none,2,64,False,20,513.3798,504.1911,2025-09-25 19:17:47
3,[1, 1, 1],none,2,64,True,71,144.6851,142.0299,2025-09-25 19:19:35
3,[1, 1, 1],none,2,128,False,19,514.6593,505.2145,2025-09-25 19:19:39
3,[1, 1, 1],none,2,128,True,110,60.7340,50.0211,2025-09-25 19:22:28
3,[1, 1, 1],none,2,256,False,25,513.0944,506.0300,2025-09-25 19:22:34
3,[1, 1, 1],none,2,256,True,18,334.7640,341.2891,2025-09-25 19:23:04
3,[1, 1, 1],none,3,64,False,22,514.7652,510.9499,2025-09-25 19:23:08
3,[1, 1, 1],none,3,64,True,33,337.4070,347.6931,2025-09-25 19:23:59
3,[1, 1, 1],none,3,128,False,18,511.9407,512.3822,2025-09-25 19:24:03
3,[1, 1, 1],none,3,128,True,31,331.6860,339.0193,2025-09-25 19:24:51
3,[1, 1, 1],none,3,256,False,21,513.2642,507.0412,2025-09-25 19:24:57
3,[1, 1, 1],none,3,256,True,37,334.6719,339.8838,2025-09-25 19:25:59
3,[1, 1, 1],average,1,64,False,87,85.2768,103.7483,2025-09-25 19:26:15
3,[1, 1, 1],average,1,64,True,50,147.0328,152.3602,2025-09-25 19:27:30
3,[1, 1, 1],average,1,128,False,None,47.6415,46.5338,2025-09-25 19:27:52
3,[1, 1, 1],average,1,128,True,None,39.5534,30.0482,2025-09-25 19:30:53
3,[1, 1, 1],average,1,256,False,None,46.6656,41.6780,2025-09-25 19:31:17
3,[1, 1, 1],average,1,256,True,49,142.6817,148.9541,2025-09-25 19:32:32
3,[1, 1, 1],average,2,64,False,None,84.6156,66.4319,2025-09-25 19:32:55
3,[1, 1, 1],average,2,64,True,87,150.0893,150.9446,2025-09-25 19:35:07
3,[1, 1, 1],average,2,128,False,18,512.3311,507.3486,2025-09-25 19:35:10
3,[1, 1, 1],average,2,128,True,18,334.0375,345.4408,2025-09-25 19:35:38
3,[1, 1, 1],average,2,256,False,32,513.0592,506.6173,2025-09-25 19:35:45
3,[1, 1, 1],average,2,256,True,24,333.8636,339.7480,2025-09-25 19:36:23
3,[1, 1, 1],average,3,64,False,22,513.1945,505.5873,2025-09-25 19:36:27
3,[1, 1, 1],average,3,64,True,32,337.1220,341.8704,2025-09-25 19:37:16
3,[1, 1, 1],average,3,128,False,21,515.7745,509.8484,2025-09-25 19:37:21
3,[1, 1, 1],average,3,128,True,20,336.8237,342.0840,2025-09-25 19:37:52
3,[1, 1, 1],average,3,256,False,21,512.4386,507.8967,2025-09-25 19:37:57
3,[1, 1, 1],average,3,256,True,22,337.4843,344.0739,2025-09-25 19:38:35
3,[1, 1, 1],max,1,64,False,87,89.1547,88.0247,2025-09-25 19:38:53
3,[1, 1, 1],max,1,64,True,36,156.6987,157.8229,2025-09-25 19:39:51
3,[1, 1, 1],max,1,128,False,69,77.0682,71.0845,2025-09-25 19:40:04
3,[1, 1, 1],max,1,128,True,50,146.4931,149.6143,2025-09-25 19:41:21
3,[1, 1, 1],max,1,256,False,86,49.3570,51.2130,2025-09-25 19:41:38
3,[1, 1, 1],max,1,256,True,45,147.5962,137.4988,2025-09-25 19:42:46
3,[1, 1, 1],max,2,64,False,21,512.8255,509.3892,2025-09-25 19:42:50
3,[1, 1, 1],max,2,64,True,51,157.0208,148.7888,2025-09-25 19:44:08
3,[1, 1, 1],max,2,128,False,21,514.6322,505.7312,2025-09-25 19:44:12
3,[1, 1, 1],max,2,128,True,18,339.5419,339.4237,2025-09-25 19:44:41
3,[1, 1, 1],max,2,256,False,None,125.8457,111.2475,2025-09-25 19:45:06
3,[1, 1, 1],max,2,256,True,29,333.1231,344.3095,2025-09-25 19:45:51
3,[1, 1, 1],max,3,64,False,38,513.4037,508.7636,2025-09-25 19:45:58
3,[1, 1, 1],max,3,64,True,28,336.4629,342.2481,2025-09-25 19:46:41
3,[1, 1, 1],max,3,128,False,18,513.5715,505.0281,2025-09-25 19:46:45
3,[1, 1, 1],max,3,128,True,21,336.9290,340.6339,2025-09-25 19:47:17
3,[1, 1, 1],max,3,256,False,34,513.2452,509.1879,2025-09-25 19:47:24
3,[1, 1, 1],max,3,256,True,35,334.4410,345.0564,2025-09-25 19:48:20
3,[2, 2, 2],none,1,64,False,81,75.7398,67.1306,2025-09-25 19:48:35
3,[2, 2, 2],none,1,64,True,69,130.6877,127.7332,2025-09-25 19:50:21
3,[2, 2, 2],none,1,128,False,100,41.4869,42.3849,2025-09-25 19:50:40
3,[2, 2, 2],none,1,128,True,74,57.6533,52.3182,2025-09-25 19:52:35
3,[2, 2, 2],none,1,256,False,85,43.5645,42.1683,2025-09-25 19:52:53
3,[2, 2, 2],none,1,256,True,111,46.6261,47.5547,2025-09-25 19:56:56
3,[2, 2, 2],none,2,64,False,None,61.8266,51.2804,2025-09-25 19:57:30
3,[2, 2, 2],none,2,64,True,None,81.8122,72.0010,2025-09-25 20:02:38
3,[2, 2, 2],none,2,128,False,None,47.4699,38.9197,2025-09-25 20:03:28
3,[2, 2, 2],none,2,128,True,86,141.3892,135.3087,2025-09-25 20:08:47
3,[2, 2, 2],none,2,256,False,17,514.0793,509.0749,2025-09-25 20:08:52
3,[2, 2, 2],none,2,256,True,20,338.7507,343.2383,2025-09-25 20:09:48
3,[2, 2, 2],none,3,64,False,22,513.9377,508.1941,2025-09-25 20:09:57
3,[2, 2, 2],none,3,64,True,22,339.4959,342.2912,2025-09-25 20:11:15
3,[2, 2, 2],none,3,128,False,19,513.7100,508.0267,2025-09-25 20:11:19
3,[2, 2, 2],none,3,128,True,18,334.3734,339.9088,2025-09-25 20:11:57
3,[2, 2, 2],none,3,256,False,21,511.9615,507.6155,2025-09-25 20:12:10
3,[2, 2, 2],none,3,256,True,23,335.3019,345.2836,2025-09-25 20:13:28
3,[2, 2, 2],average,1,64,False,119,65.7207,60.6057,2025-09-25 20:14:18
3,[2, 2, 2],average,1,64,True,107,76.2552,67.7118,2025-09-25 20:21:18
3,[2, 2, 2],average,1,128,False,None,46.5774,44.0843,2025-09-25 20:22:09
3,[2, 2, 2],average,1,128,True,45,145.9574,134.4033,2025-09-25 20:25:05
3,[2, 2, 2],average,1,256,False,17,514.1744,507.5501,2025-09-25 20:25:13
3,[2, 2, 2],average,1,256,True,112,48.2870,43.7071,2025-09-25 20:32:26
3,[2, 2, 2],average,2,64,False,None,78.6701,61.7402,2025-09-25 20:33:17
3,[2, 2, 2],average,2,64,True,20,337.9576,335.5241,2025-09-25 20:34:36
3,[2, 2, 2],average,2,128,False,None,61.0578,56.2318,2025-09-25 20:35:03
3,[2, 2, 2],average,2,128,True,20,336.4350,342.0626,2025-09-25 20:35:43
3,[2, 2, 2],average,2,256,False,19,513.3637,511.6859,2025-09-25 20:35:52
3,[2, 2, 2],average,2,256,True,23,338.3890,348.5807,2025-09-25 20:37:21
3,[2, 2, 2],average,3,64,False,21,514.6114,509.8880,2025-09-25 20:37:31
3,[2, 2, 2],average,3,64,True,23,335.6407,338.0732,2025-09-25 20:39:01
3,[2, 2, 2],average,3,128,False,25,513.9878,510.0288,2025-09-25 20:39:12
3,[2, 2, 2],average,3,128,True,23,343.1944,348.2197,2025-09-25 20:40:42
3,[2, 2, 2],average,3,256,False,17,512.5653,508.3813,2025-09-25 20:40:50
3,[2, 2, 2],average,3,256,True,16,339.9101,340.1340,2025-09-25 20:41:54
3,[2, 2, 2],max,1,64,False,79,75.0544,60.5741,2025-09-25 20:42:25
3,[2, 2, 2],max,1,64,True,109,55.0882,49.0092,2025-09-25 20:48:25
3,[2, 2, 2],max,1,128,False,None,48.2927,43.2855,2025-09-25 20:49:15
3,[2, 2, 2],max,1,128,True,68,136.2998,122.8074,2025-09-25 20:52:56
3,[2, 2, 2],max,1,256,False,117,42.8073,47.7939,2025-09-25 20:53:42
3,[2, 2, 2],max,1,256,True,97,52.5548,57.2322,2025-09-25 20:59:25
3,[2, 2, 2],max,2,64,False,21,512.8470,499.1969,2025-09-25 20:59:33
3,[2, 2, 2],max,2,64,True,20,342.8596,343.1119,2025-09-25 21:00:46
3,[2, 2, 2],max,2,128,False,27,515.0039,508.2023,2025-09-25 21:00:57
3,[2, 2, 2],max,2,128,True,25,340.6251,336.7146,2025-09-25 21:02:26
3,[2, 2, 2],max,2,256,False,18,513.7237,503.8725,2025-09-25 21:02:33
3,[2, 2, 2],max,2,256,True,22,327.6744,346.3247,2025-09-25 21:03:51
3,[2, 2, 2],max,3,64,False,33,513.1926,504.4640,2025-09-25 21:04:04
3,[2, 2, 2],max,3,64,True,23,338.0416,342.5977,2025-09-25 21:05:27
3,[2, 2, 2],max,3,128,False,18,512.0709,507.3605,2025-09-25 21:05:34
3,[2, 2, 2],max,3,128,True,27,336.5959,340.1492,2025-09-25 21:07:08
3,[2, 2, 2],max,3,256,False,36,511.4894,505.7666,2025-09-25 21:07:23
3,[2, 2, 2],max,3,256,True,24,336.0947,334.7990,2025-09-25 21:08:48
3,[4, 4, 4],none,1,64,False,115,49.7129,42.4343,2025-09-25 21:09:29
3,[4, 4, 4],none,1,64,True,46,149.7791,141.2213,2025-09-25 21:12:07
3,[4, 4, 4],none,1,128,False,92,44.3014,42.4968,2025-09-25 21:12:40
3,[4, 4, 4],none,1,128,True,None,36.8903,36.5331,2025-09-25 21:19:27
3,[4, 4, 4],none,1,256,False,92,43.6357,40.7320,2025-09-25 21:20:05
3,[4, 4, 4],none,1,256,True,109,41.1578,43.8322,2025-09-25 21:24:13
3,[4, 4, 4],none,2,64,False,111,79.1043,68.0065,2025-09-25 21:24:34
3,[4, 4, 4],none,2,64,True,58,148.4688,155.1055,2025-09-25 21:26:12
3,[4, 4, 4],none,2,128,False,None,52.7054,43.2164,2025-09-25 21:26:39
3,[4, 4, 4],none,2,128,True,20,338.4479,344.1683,2025-09-25 21:27:15
3,[4, 4, 4],none,2,256,False,24,512.1325,512.1701,2025-09-25 21:27:22
3,[4, 4, 4],none,2,256,True,40,335.4440,340.9444,2025-09-25 21:28:35
3,[4, 4, 4],none,3,64,False,29,512.5847,508.2574,2025-09-25 21:28:41
3,[4, 4, 4],none,3,64,True,30,338.6782,337.6293,2025-09-25 21:29:37
3,[4, 4, 4],none,3,128,False,29,513.9499,508.7453,2025-09-25 21:29:44
3,[4, 4, 4],none,3,128,True,24,340.0556,346.5152,2025-09-25 21:30:30
3,[4, 4, 4],none,3,256,False,21,512.9402,509.5110,2025-09-25 21:30:38
3,[4, 4, 4],none,3,256,True,17,339.0933,347.6185,2025-09-25 21:31:26
3,[4, 4, 4],average,1,64,False,None,57.5722,51.2044,2025-09-25 21:32:01
3,[4, 4, 4],average,1,64,True,70,135.2410,130.4470,2025-09-25 21:35:04
3,[4, 4, 4],average,1,128,False,117,46.2054,48.7061,2025-09-25 21:35:40
3,[4, 4, 4],average,1,128,True,57,141.3821,135.6184,2025-09-25 21:38:04
3,[4, 4, 4],average,1,256,False,101,50.0704,54.6111,2025-09-25 21:38:36
3,[4, 4, 4],average,1,256,True,118,38.1580,44.3431,2025-09-25 21:43:57
3,[4, 4, 4],average,2,64,False,27,514.1551,512.0386,2025-09-25 21:44:06
3,[4, 4, 4],average,2,64,True,23,336.5305,342.8153,2025-09-25 21:45:07
3,[4, 4, 4],average,2,128,False,18,513.4396,510.7422,2025-09-25 21:45:13
3,[4, 4, 4],average,2,128,True,28,337.3771,336.9337,2025-09-25 21:46:34
3,[4, 4, 4],average,2,256,False,25,513.0688,510.5180,2025-09-25 21:46:43
3,[4, 4, 4],average,2,256,True,25,338.4824,345.6156,2025-09-25 21:47:51
3,[4, 4, 4],average,3,64,False,24,512.2390,509.1590,2025-09-25 21:47:59
3,[4, 4, 4],average,3,64,True,21,333.2397,332.0251,2025-09-25 21:48:59
3,[4, 4, 4],average,3,128,False,18,514.1626,504.6831,2025-09-25 21:49:05
3,[4, 4, 4],average,3,128,True,34,337.5632,342.3197,2025-09-25 21:50:43
3,[4, 4, 4],average,3,256,False,42,511.8472,509.7375,2025-09-25 21:50:56
3,[4, 4, 4],average,3,256,True,33,337.5627,342.3412,2025-09-25 21:52:24
3,[4, 4, 4],max,1,64,False,105,62.6098,55.5585,2025-09-25 21:52:57
3,[4, 4, 4],max,1,64,True,23,339.4829,355.0456,2025-09-25 21:53:58
3,[4, 4, 4],max,1,128,False,118,43.9652,46.4820,2025-09-25 21:54:34
3,[4, 4, 4],max,1,128,True,58,143.7638,134.2357,2025-09-25 21:56:41
3,[4, 4, 4],max,1,256,False,108,56.4137,53.2189,2025-09-25 21:57:11
3,[4, 4, 4],max,1,256,True,90,64.9493,57.8095,2025-09-25 22:01:18
3,[4, 4, 4],max,2,64,False,31,513.8383,503.9773,2025-09-25 22:01:28
3,[4, 4, 4],max,2,64,True,35,338.8863,340.5679,2025-09-25 22:03:10
3,[4, 4, 4],max,2,128,False,18,513.5567,509.4322,2025-09-25 22:03:15
3,[4, 4, 4],max,2,128,True,23,339.8020,337.9453,2025-09-25 22:04:13
3,[4, 4, 4],max,2,256,False,23,513.0521,509.0326,2025-09-25 22:04:19
3,[4, 4, 4],max,2,256,True,29,337.1027,347.0074,2025-09-25 22:05:30
3,[4, 4, 4],max,3,64,False,27,514.7971,507.2421,2025-09-25 22:05:39
3,[4, 4, 4],max,3,64,True,28,333.8648,347.7667,2025-09-25 22:06:49
3,[4, 4, 4],max,3,128,False,18,511.3932,504.2672,2025-09-25 22:06:54
3,[4, 4, 4],max,3,128,True,30,335.8622,345.2145,2025-09-25 22:08:10
3,[4, 4, 4],max,3,256,False,17,512.4744,509.4288,2025-09-25 22:08:16
3,[4, 4, 4],max,3,256,True,38,333.7443,346.0616,2025-09-25 22:10:16
3,[8, 8, 8],none,1,64,False,91,56.7696,55.5364,2025-09-25 22:10:43
3,[8, 8, 8],none,1,64,True,118,46.3626,50.7762,2025-09-25 22:15:42
3,[8, 8, 8],none,1,128,False,91,41.6448,44.5065,2025-09-25 22:16:00
3,[8, 8, 8],none,1,128,True,93,49.7324,54.7976,2025-09-25 22:19:45
3,[8, 8, 8],none,1,256,False,None,35.5037,34.2597,2025-09-25 22:20:26
3,[8, 8, 8],none,1,256,True,97,40.4207,41.1270,2025-09-25 22:24:51
3,[8, 8, 8],none,2,64,False,107,86.3620,68.7181,2025-09-25 22:25:20
3,[8, 8, 8],none,2,64,True,23,335.8736,337.1136,2025-09-25 22:26:18
3,[8, 8, 8],none,2,128,False,17,513.3888,509.5378,2025-09-25 22:26:23
3,[8, 8, 8],none,2,128,True,88,139.3489,129.5232,2025-09-25 22:30:31
3,[8, 8, 8],none,2,256,False,16,512.3159,508.4874,2025-09-25 22:30:38
3,[8, 8, 8],none,2,256,True,None,47.3027,38.8222,2025-09-25 22:37:23
3,[8, 8, 8],none,3,64,False,21,513.5720,505.0713,2025-09-25 22:37:30
3,[8, 8, 8],none,3,64,True,22,338.6153,351.4219,2025-09-25 22:38:33
3,[8, 8, 8],none,3,128,False,35,512.7612,504.7415,2025-09-25 22:38:44
3,[8, 8, 8],none,3,128,True,24,338.9411,351.4669,2025-09-25 22:39:51
3,[8, 8, 8],none,3,256,False,22,511.0633,509.6525,2025-09-25 22:40:01
3,[8, 8, 8],none,3,256,True,17,340.7449,339.1329,2025-09-25 22:40:51
3,[8, 8, 8],average,1,64,False,None,53.4592,50.2743,2025-09-25 22:41:29
3,[8, 8, 8],average,1,64,True,45,151.3251,152.7396,2025-09-25 22:43:40
3,[8, 8, 8],average,1,128,False,79,62.4972,51.3599,2025-09-25 22:44:04
3,[8, 8, 8],average,1,128,True,99,45.5929,38.7066,2025-09-25 22:47:58
3,[8, 8, 8],average,1,256,False,108,50.2944,48.6568,2025-09-25 22:48:20
3,[8, 8, 8],average,1,256,True,118,52.3316,47.2632,2025-09-25 22:51:42
3,[8, 8, 8],average,2,64,False,22,513.4174,506.8954,2025-09-25 22:51:46
3,[8, 8, 8],average,2,64,True,80,150.5459,147.3967,2025-09-25 22:55:32
3,[8, 8, 8],average,2,128,False,19,514.8017,510.4348,2025-09-25 22:55:39
3,[8, 8, 8],average,2,128,True,52,333.4430,354.0519,2025-09-25 22:58:35
3,[8, 8, 8],average,2,256,False,21,513.6454,508.4802,2025-09-25 22:58:44
3,[8, 8, 8],average,2,256,True,22,332.8140,344.2635,2025-09-25 22:59:59
3,[8, 8, 8],average,3,64,False,23,515.8520,505.2965,2025-09-25 23:00:08
3,[8, 8, 8],average,3,64,True,31,337.3564,335.4853,2025-09-25 23:01:55
3,[8, 8, 8],average,3,128,False,19,513.8042,506.1665,2025-09-25 23:02:02
3,[8, 8, 8],average,3,128,True,26,329.2993,338.9469,2025-09-25 23:03:31
3,[8, 8, 8],average,3,256,False,18,513.4804,509.1140,2025-09-25 23:03:39
3,[8, 8, 8],average,3,256,True,27,333.9795,344.6907,2025-09-25 23:05:13
3,[8, 8, 8],max,1,64,False,105,60.2044,80.2601,2025-09-25 23:05:51
3,[8, 8, 8],max,1,64,True,98,68.0896,54.3236,2025-09-25 23:11:25
3,[8, 8, 8],max,1,128,False,None,48.7881,46.6624,2025-09-25 23:12:09
3,[8, 8, 8],max,1,128,True,42,143.2781,143.1210,2025-09-25 23:14:35
3,[8, 8, 8],max,1,256,False,97,53.8868,58.1432,2025-09-25 23:15:12
3,[8, 8, 8],max,1,256,True,None,51.8382,47.0213,2025-09-25 23:21:50
3,[8, 8, 8],max,2,64,False,27,513.4927,505.8236,2025-09-25 23:21:55
3,[8, 8, 8],max,2,64,True,38,339.3361,347.7301,2025-09-25 23:23:33
3,[8, 8, 8],max,2,128,False,26,513.2265,504.9588,2025-09-25 23:23:43
3,[8, 8, 8],max,2,128,True,28,337.4274,338.2223,2025-09-25 23:25:05
3,[8, 8, 8],max,2,256,False,31,513.9939,506.2797,2025-09-25 23:25:16
3,[8, 8, 8],max,2,256,True,27,336.9823,344.4963,2025-09-25 23:26:46
3,[8, 8, 8],max,3,64,False,29,513.5850,504.1585,2025-09-25 23:26:57
3,[8, 8, 8],max,3,64,True,24,334.8794,337.9812,2025-09-25 23:28:08
3,[8, 8, 8],max,3,128,False,23,514.4254,511.8694,2025-09-25 23:28:13
3,[8, 8, 8],max,3,128,True,20,336.1247,342.2244,2025-09-25 23:28:46
3,[8, 8, 8],max,3,256,False,33,512.3179,512.0345,2025-09-25 23:28:54
3,[8, 8, 8],max,3,256,True,48,332.7422,340.5690,2025-09-25 23:30:37
